縣市,鄉鎮,名字,description,描述,營地數量,營地價錢
新竹縣,橫山鄉,落羽松草坪露營區露營區,http://evshhips.pixnet.net/blog/post/311271402 ,        有收集雨水之儲水設備，枯水期不穩定，有簡易太陽能照明。有坑洞式廁所。住宿山屋者，請自備過夜及睡眠裝備。,3,500
苗栗縣,後龍鎮,藍天綠地露營區,http://evshhips.pixnet.net/blog/post/309728925 ,                有收集雨水之儲水設備，枯水期不穩定，有簡易太陽能照明。有坑洞式廁所。住宿山屋者，請自備過夜及睡眠裝備。,3,500
新北市,貢寮區,虫二露營區,http://evshhips.pixnet.net/blog/post/233512099 ,                    有收集雨水之儲水設備，枯水期不穩定，有簡易太陽能照明。有坑洞式廁所。住宿山屋者，請自備過夜及睡眠裝備。,3,500
桃園市,蘆竹區,32後花園露營區,http://evshhips.pixnet.net/blog/post/307762176,                 有收集雨水之儲水設備，枯水期不穩定，有簡易太陽能照明。有坑洞式廁所。住宿山屋者，請自備過夜及睡眠裝備。,3,500
苗栗縣,獅潭鄉,逐露獅潭鄉露營區,http://evshhips.pixnet.net/blog/post/306945036,               有收集雨水之儲水設備，枯水期不穩定，有簡易太陽能照明。有坑洞式廁所。住宿山屋者，請自備過夜及睡眠裝備。,3,500
新竹縣,五峰鄉,雲頂杉林露營區,http://evshhips.pixnet.net/blog/post/306351774,                 有收集雨水之儲水設備，枯水期不穩定，有簡易太陽能照明。有坑洞式廁所。住宿山屋者，請自備過夜及睡眠裝備。,3,500
新竹縣,尖石鄉,霧津山林露營區,http://evshhips.pixnet.net/blog/post/305437188 ,                有收集雨水之儲水設備，枯水期不穩定，有簡易太陽能照明。有坑洞式廁所。住宿山屋者，請自備過夜及睡眠裝備。,5,500
新竹縣,五峰鄉,紫色的家露營區,http://evshhips.pixnet.net/blog/post/304565949,                 有收集雨水之儲水設備，枯水期不穩定，有簡易太陽能照明。有坑洞式廁所。住宿山屋者，請自備過夜及睡眠裝備。,5,500
苗栗縣,泰安鄉,綠背包親子露營區,http://evshhips.pixnet.net/blog/post/303608481,               有收集雨水之儲水設備，枯水期不穩定，有簡易太陽能照明。有坑洞式廁所。住宿山屋者，請自備過夜及睡眠裝備。,5,250
新竹縣,五峰鄉,天闊營地,http://evshhips.pixnet.net/blog/post/297235070,                       有收集雨水之儲水設備，枯水期不穩定，有簡易太陽能照明。有坑洞式廁所。住宿山屋者，請自備過夜及睡眠裝備。,5,250
苗栗縣,南庄鄉,喝納灣露營區,http://evshhips.pixnet.net/blog/post/292884973,                   有收集雨水之儲水設備，枯水期不穩定，有簡易太陽能照明。有坑洞式廁所。住宿山屋者，請自備過夜及睡眠裝備。,5,250
苗栗縣,南庄鄉,哈洛客露營區,http://evshhips.pixnet.net/blog/post/288767941,                   有收集雨水之儲水設備，枯水期不穩定，有簡易太陽能照明。有坑洞式廁所。住宿山屋者，請自備過夜及睡眠裝備。,5,250
苗栗縣,三義鄉,石濤園露營區,http://evshhips.pixnet.net/blog/post/281915503,                   有收集雨水之儲水設備，枯水期不穩定，有簡易太陽能照明。有坑洞式廁所。住宿山屋者，請自備過夜及睡眠裝備。,5,250
新竹縣,尖石鄉,怪獸森林露營區,http://evshhips.pixnet.net/blog/post/279877246,                 有收集雨水之儲水設備，枯水期不穩定，有簡易太陽能照明。有坑洞式廁所。住宿山屋者，請自備過夜及睡眠裝備。,5,250
苗栗縣,泰安鄉,瓦浪露谷露營區,http://evshhips.pixnet.net/blog/post/273727060,                 有收集雨水之儲水設備，枯水期不穩定，有簡易太陽能照明。有坑洞式廁所。住宿山屋者，請自備過夜及睡眠裝備。,5,250
苗栗縣,泰安鄉,樂沐絲莊園露營區,http://evshhips.pixnet.net/blog/post/273460657,               有收集雨水之儲水設備，枯水期不穩定，有簡易太陽能照明。有坑洞式廁所。住宿山屋者，請自備過夜及睡眠裝備。,5,250
苗栗縣,銅鑼鄉,客家小院露營區,http://evshhips.pixnet.net/blog/post/268955608,                 有收集雨水之儲水設備，枯水期不穩定，有簡易太陽能照明。有坑洞式廁所。住宿山屋者，請自備過夜及睡眠裝備。,5,250
新北市,金山區,金山區青年活動中心,http://evshhips.pixnet.net/blog/post/267632797,             有收集雨水之儲水設備，枯水期不穩定，有簡易太陽能照明。有坑洞式廁所。住宿山屋者，請自備過夜及睡眠裝備。,5,250
苗栗縣,泰安鄉,一片天露營區,http://evshhips.pixnet.net/blog/post/263966320,                   有收集雨水之儲水設備，枯水期不穩定，有簡易太陽能照明。有坑洞式廁所。住宿山屋者，請自備過夜及睡眠裝備。,5,250
苗栗縣,泰安鄉,嗎哪露營區,http://evshhips.pixnet.net/blog/post/263197603,                     有收集雨水之儲水設備，枯水期不穩定，有簡易太陽能照明。有坑洞式廁所。住宿山屋者，請自備過夜及睡眠裝備。,5,250
新竹縣,尖石鄉,水田營地,http://evshhips.pixnet.net/blog/post/259134742,                       有收集雨水之儲水設備，枯水期不穩定，有簡易太陽能照明。有坑洞式廁所。住宿山屋者，請自備過夜及睡眠裝備。,5,250
苗栗縣,泰安鄉,遊牧民族露營區,http://evshhips.pixnet.net/blog/post/255625276,                 有收集雨水之儲水設備，枯水期不穩定，有簡易太陽能照明。有坑洞式廁所。住宿山屋者，請自備過夜及睡眠裝備。,5,250
苗栗縣,通霄鎮,釣魚的貓地中海民宿露營區,http://evshhips.pixnet.net/blog/post/250133086,       有收集雨水之儲水設備，枯水期不穩定，有簡易太陽能照明。有坑洞式廁所。住宿山屋者，請自備過夜及睡眠裝備。,5,250
苗栗縣,卓蘭鎮,山林鳥日子露營區,http://evshhips.pixnet.net/blog/post/245762080,               有收集雨水之儲水設備，枯水期不穩定，有簡易太陽能照明。有坑洞式廁所。住宿山屋者，請自備過夜及睡眠裝備。,5,250
苗栗縣,三灣鄉,神農科技休閒農場,http://evshhips.pixnet.net/blog/post/241788250,               有收集雨水之儲水設備，枯水期不穩定，有簡易太陽能照明。有坑洞式廁所。住宿山屋者，請自備過夜及睡眠裝備。,5,250
苗栗縣,獅潭鄉,紙湖農場露營區,http://evshhips.pixnet.net/blog/post/232049176,                 有收集雨水之儲水設備，枯水期不穩定，有簡易太陽能照明。有坑洞式廁所。住宿山屋者，請自備過夜及睡眠裝備。,5,250
苗栗縣,苑裡鎮,野宿谷露營區,http://evshhips.pixnet.net/blog/post/228107311,                   有收集雨水之儲水設備，枯水期不穩定，有簡易太陽能照明。有坑洞式廁所。住宿山屋者，請自備過夜及睡眠裝備。,5,250
苗栗縣,通霄鎮,青雲露營區,http://evshhips.pixnet.net/blog/post/228808648,                     有收集雨水之儲水設備，枯水期不穩定，有簡易太陽能照明。有坑洞式廁所。住宿山屋者，請自備過夜及睡眠裝備。,5,250
新竹縣,五峰鄉,莫那的家露營區,http://evshhips.pixnet.net/blog/post/271898971,                 有收集雨水之儲水設備，枯水期不穩定，有簡易太陽能照明。有坑洞式廁所。住宿山屋者，請自備過夜及睡眠裝備。,5,250
桃園市,復興區,薔薇谷露營區,http://evshhips.pixnet.net/blog/post/278805427,                   有收集雨水之儲水設備，枯水期不穩定，有簡易太陽能照明。有坑洞式廁所。住宿山屋者，請自備過夜及睡眠裝備。,5,250
苗栗縣,泰安鄉,美富安松林溪露營區,http://evshhips.pixnet.net/blog/post/271724617,             有收集雨水之儲水設備，枯水期不穩定，有簡易太陽能照明。有坑洞式廁所。住宿山屋者，請自備過夜及睡眠裝備。,5,250
苗栗縣,南庄鄉,嘎嘎歐岸文化部落,http://evshhips.pixnet.net/blog/post/286266700,               有收集雨水之儲水設備，枯水期不穩定，有簡易太陽能照明。有坑洞式廁所。住宿山屋者，請自備過夜及睡眠裝備。,5,250
苗栗縣,泰安鄉,約會露營區,http://evshhips.pixnet.net/blog/post/313203585,                     有收集雨水之儲水設備，枯水期不穩定，有簡易太陽能照明。有坑洞式廁所。住宿山屋者，請自備過夜及睡眠裝備。,5,250
新北市,新店區,確幸莊園(1),http://evshhips.pixnet.net/blog/post/315668721,                    有收集雨水之儲水設備，枯水期不穩定，有簡易太陽能照明。有坑洞式廁所。住宿山屋者，請自備過夜及睡眠裝備。,5,250
新北市,石門區,白沙灣海角一號,http://evshhips.pixnet.net/blog/post/315764532,                 有收集雨水之儲水設備，枯水期不穩定，有簡易太陽能照明。有坑洞式廁所。住宿山屋者，請自備過夜及睡眠裝備。,5,250
苗栗縣,南庄鄉 , 紅毛印象露營窩(1),http://evshhips.pixnet.net/blog/post/316316796,            有收集雨水之儲水設備，枯水期不穩定，有簡易太陽能照明。有坑洞式廁所。住宿山屋者，請自備過夜及睡眠裝備。,5,250
苗栗縣,南庄鄉, 南庄鄉露露,http://evshhips.pixnet.net/blog/post/320052957,                    有收集雨水之儲水設備，枯水期不穩定，有簡易太陽能照明。有坑洞式廁所。住宿山屋者，請自備過夜及睡眠裝備。,5,250
桃園市,復興區,奎輝營地,http://evshhips.pixnet.net/blog/post/323142942,                       有收集雨水之儲水設備，枯水期不穩定，有簡易太陽能照明。有坑洞式廁所。住宿山屋者，請自備過夜及睡眠裝備。,5,250
桃園市,復興區,彩霞谷FUN露營,http://evshhips.pixnet.net/blog/post/318188844,                  有收集雨水之儲水設備，枯水期不穩定，有簡易太陽能照明。有坑洞式廁所。住宿山屋者，請自備過夜及睡眠裝備。,5,250
新竹縣,五峰鄉, 有愛一家露營區,http://evshhips.pixnet.net/blog/post/325698792,                有收集雨水之儲水設備，枯水期不穩定，有簡易太陽能照明。有坑洞式廁所。住宿山屋者，請自備過夜及睡眠裝備。,5,250
新竹縣,五峰鄉,布魯的家露營區,http://evshhips.pixnet.net/blog/post/326072124,                 有收集雨水之儲水設備，枯水期不穩定，有簡易太陽能照明。有坑洞式廁所。住宿山屋者，請自備過夜及睡眠裝備。,5,250
宜蘭縣,員山鄉,鴻利山莊忘憂谷營地,http://evshhips.pixnet.net/blog/post/326654895,             有收集雨水之儲水設備，枯水期不穩定，有簡易太陽能照明。有坑洞式廁所。住宿山屋者，請自備過夜及睡眠裝備。,5,250
新竹縣,尖石鄉, 綠侑子露營區,http://evshhips.pixnet.net/blog/post/327074664,                  有收集雨水之儲水設備，枯水期不穩定，有簡易太陽能照明。有坑洞式廁所。住宿山屋者，請自備過夜及睡眠裝備。,5,500
苗栗縣,南庄鄉, 萱草森林民宿露營地,http://evshhips.pixnet.net/blog/post/327310821,            有收集雨水之儲水設備，枯水期不穩定，有簡易太陽能照明。有坑洞式廁所。住宿山屋者，請自備過夜及睡眠裝備。,5,500
新竹縣,尖石鄉, 遇見嵨繞露營區,http://evshhips.pixnet.net/blog/post/328065264,                有收集雨水之儲水設備，枯水期不穩定，有簡易太陽能照明。有坑洞式廁所。住宿山屋者，請自備過夜及睡眠裝備。,5,500
苗栗縣,南庄鄉,河畔露營區,http://evshhips.pixnet.net/blog/post/329412639,                     有收集雨水之儲水設備，枯水期不穩定，有簡易太陽能照明。有坑洞式廁所。住宿山屋者，請自備過夜及睡眠裝備。,5,500
新竹縣,尖石鄉, 晴空森林露營地,http://evshhips.pixnet.net/blog/post/330868310,                有收集雨水之儲水設備，枯水期不穩定，有簡易太陽能照明。有坑洞式廁所。住宿山屋者，請自備過夜及睡眠裝備。,5,500
新竹縣,五峰鄉, 漫步天湖露營區,http://evshhips.pixnet.net/blog/post/331346744,                有收集雨水之儲水設備，枯水期不穩定，有簡易太陽能照明。有坑洞式廁所。住宿山屋者，請自備過夜及睡眠裝備。,5,500
苗栗縣,大湖鄉, 微笑山丘露營區,http://evshhips.pixnet.net/blog/post/332764821,                有收集雨水之儲水設備，枯水期不穩定，有簡易太陽能照明。有坑洞式廁所。住宿山屋者，請自備過夜及睡眠裝備。,5,500
苗栗縣,卓蘭鎮, 橘舍三食露營區,http://evshhips.pixnet.net/blog/post/331351493,                有收集雨水之儲水設備，枯水期不穩定，有簡易太陽能照明。有坑洞式廁所。住宿山屋者，請自備過夜及睡眠裝備。,5,500
新北市,金山區,綠峰渡假山莊露營區,http://evshhips.pixnet.net/blog/post/332762529,             有收集雨水之儲水設備，枯水期不穩定，有簡易太陽能照明。有坑洞式廁所。住宿山屋者，請自備過夜及睡眠裝備。,5,500
苗栗縣,南庄鄉, 巴卡的天空露營區,http://evshhips.pixnet.net/blog/post/331348214,              有收集雨水之儲水設備，枯水期不穩定，有簡易太陽能照明。有坑洞式廁所。住宿山屋者，請自備過夜及睡眠裝備。,5,500
桃園市,大溪區,陽光種子親子農趣園,http://evshhips.pixnet.net/blog/post/334302244,             有收集雨水之儲水設備，枯水期不穩定，有簡易太陽能照明。有坑洞式廁所。住宿山屋者，請自備過夜及睡眠裝備。,3,500
新北市,新店區, 確幸莊園(2),http://evshhips.pixnet.net/blog/post/335217380,                   有收集雨水之儲水設備，枯水期不穩定，有簡易太陽能照明。有坑洞式廁所。住宿山屋者，請自備過夜及睡眠裝備。,3,500
苗栗縣,公館鄉, 樹語星晴露營區,http://evshhips.pixnet.net/blog/post/337372088,                有收集雨水之儲水設備，枯水期不穩定，有簡易太陽能照明。有坑洞式廁所。住宿山屋者，請自備過夜及睡眠裝備。,3,500
苗栗縣,大湖鄉,馬菈棒景觀露營區,http://evshhips.pixnet.net/blog/post/337089977,               有收集雨水之儲水設備，枯水期不穩定，有簡易太陽能照明。有坑洞式廁所。住宿山屋者，請自備過夜及睡眠裝備。,3,500
新竹縣,尖石鄉,童話森林露營區(1),http://evshhips.pixnet.net/blog/post/339180989,              有收集雨水之儲水設備，枯水期不穩定，有簡易太陽能照明。有坑洞式廁所。住宿山屋者，請自備過夜及睡眠裝備。,3,500
苗栗縣,卓蘭鎮,山林野地親子露營區,http://evshhips.pixnet.net/blog/post/339471323,             有收集雨水之儲水設備，枯水期不穩定，有簡易太陽能照明。有坑洞式廁所。住宿山屋者，請自備過夜及睡眠裝備。,3,500
苗栗縣,公館鄉, 希望樂園親子露營地,http://evshhips.pixnet.net/blog/post/340812699,            有收集雨水之儲水設備，枯水期不穩定，有簡易太陽能照明。有坑洞式廁所。住宿山屋者，請自備過夜及睡眠裝備。,3,500
苗栗縣,公館鄉, 享樂祕境親子露營地,http://evshhips.pixnet.net/blog/post/340099044,            有收集雨水之儲水設備，枯水期不穩定，有簡易太陽能照明。有坑洞式廁所。住宿山屋者，請自備過夜及睡眠裝備。,3,500
新竹縣,橫山鄉,綠雲海景觀親子露營區,http://evshhips.pixnet.net/blog/post/341330193,           有收集雨水之儲水設備，枯水期不穩定，有簡易太陽能照明。有坑洞式廁所。住宿山屋者，請自備過夜及睡眠裝備。,3,500
苗栗縣,銅鑼鄉, 風山雅筑親子露營地,http://evshhips.pixnet.net/blog/post/341139027,            有收集雨水之儲水設備，枯水期不穩定，有簡易太陽能照明。有坑洞式廁所。住宿山屋者，請自備過夜及睡眠裝備。,3,500
苗栗縣,苑裡鎮,珍愛幸福親子露營地,http://evshhips.pixnet.net/blog/post/341462886,             有收集雨水之儲水設備，枯水期不穩定，有簡易太陽能照明。有坑洞式廁所。住宿山屋者，請自備過夜及睡眠裝備。,3,500
新竹縣,五峰鄉, 戈巴侖森林露營地,http://evshhips.pixnet.net/blog/post/341918481,              有收集雨水之儲水設備，枯水期不穩定，有簡易太陽能照明。有坑洞式廁所。住宿山屋者，請自備過夜及睡眠裝備。,3,500
新竹縣,五峰鄉, 千鶴景觀露營地,http://evshhips.pixnet.net/blog/post/339553406,                有收集雨水之儲水設備，枯水期不穩定，有簡易太陽能照明。有坑洞式廁所。住宿山屋者，請自備過夜及睡眠裝備。,3,500
苗栗縣,大湖鄉, 悠活憶境親子露營地,http://evshhips.pixnet.net/blog/post/342498280,            有收集雨水之儲水設備，枯水期不穩定，有簡易太陽能照明。有坑洞式廁所。住宿山屋者，請自備過夜及睡眠裝備。,3,500
新竹縣,尖石鄉, 秘花園親子露營區,http://evshhips.pixnet.net/blog/post/343520851,              有收集雨水之儲水設備，枯水期不穩定，有簡易太陽能照明。有坑洞式廁所。住宿山屋者，請自備過夜及睡眠裝備。,3,500
苗栗縣,公館鄉,開礦露營區,http://evshhips.pixnet.net/blog/post/343678064,                     有收集雨水之儲水設備，枯水期不穩定，有簡易太陽能照明。有坑洞式廁所。住宿山屋者，請自備過夜及睡眠裝備。,3,500
苗栗縣,獅潭鄉, 大坪左岸親子露營地,http://evshhips.pixnet.net/blog/post/343894021,            有收集雨水之儲水設備，枯水期不穩定，有簡易太陽能照明。有坑洞式廁所。住宿山屋者，請自備過夜及睡眠裝備。,3,500
苗栗縣,南庄鄉 ,晴園山莊親子景觀露營地,http://evshhips.pixnet.net/blog/post/343893898,        有收集雨水之儲水設備，枯水期不穩定，有簡易太陽能照明。有坑洞式廁所。住宿山屋者，請自備過夜及睡眠裝備。,3,500
桃園市,大溪區,綠果子親子露營休憩站,http://evshhips.pixnet.net/blog/post/344161876,           有收集雨水之儲水設備，枯水期不穩定，有簡易太陽能照明。有坑洞式廁所。住宿山屋者，請自備過夜及睡眠裝備。,3,500
新竹縣,五峰鄉, 好麻吉私房景點露營地,http://evshhips.pixnet.net/blog/post/344347732,          有收集雨水之儲水設備，枯水期不穩定，有簡易太陽能照明。有坑洞式廁所。住宿山屋者，請自備過夜及睡眠裝備。,3,500
新竹縣,尖石鄉,飛高高溫泉露營地,http://evshhips.pixnet.net/blog/post/344502856,               有收集雨水之儲水設備，枯水期不穩定，有簡易太陽能照明。有坑洞式廁所。住宿山屋者，請自備過夜及睡眠裝備。,3,500
桃園市,大溪區 ,楓之谷親子露營地,http://evshhips.pixnet.net/blog/post/344685745,              有收集雨水之儲水設備，枯水期不穩定，有簡易太陽能照明。有坑洞式廁所。住宿山屋者，請自備過夜及睡眠裝備。,3,500
苗栗縣,泰安鄉 ,雲朵朵親子露營區,http://evshhips.pixnet.net/blog/post/346721347,              有收集雨水之儲水設備，枯水期不穩定，有簡易太陽能照明。有坑洞式廁所。住宿山屋者，請自備過夜及睡眠裝備。,3,500
苗栗縣,獅潭鄉 ,小岔路親子露營地,http://evshhips.pixnet.net/blog/post/346617154,              有收集雨水之儲水設備，枯水期不穩定，有簡易太陽能照明。有坑洞式廁所。住宿山屋者，請自備過夜及睡眠裝備。,3,500
苗栗縣,大湖鄉 , 微笑山妍親子露營地,http://evshhips.pixnet.net/blog/post/347344646,           有收集雨水之儲水設備，枯水期不穩定，有簡易太陽能照明。有坑洞式廁所。住宿山屋者，請自備過夜及睡眠裝備。,3,500
苗栗縣,大湖鄉 , 夢之谷親子露營樂園(1),http://evshhips.pixnet.net/blog/post/347313755,        有收集雨水之儲水設備，枯水期不穩定，有簡易太陽能照明。有坑洞式廁所。住宿山屋者，請自備過夜及睡眠裝備。,3,500
苗栗縣,南庄鄉 , 星星杉丘親子露營區,http://evshhips.pixnet.net/blog/post/347376257,           有收集雨水之儲水設備，枯水期不穩定，有簡易太陽能照明。有坑洞式廁所。住宿山屋者，請自備過夜及睡眠裝備。,3,500
苗栗縣,南庄鄉 , 一畝田親子露營區,http://evshhips.pixnet.net/blog/post/347492579,             有收集雨水之儲水設備，枯水期不穩定，有簡易太陽能照明。有坑洞式廁所。住宿山屋者，請自備過夜及睡眠裝備。,3,500
新竹縣,尖石鄉 , 梅花梯田親子露營區 ,http://evshhips.pixnet.net/blog/post/347177726,          有收集雨水之儲水設備，枯水期不穩定，有簡易太陽能照明。有坑洞式廁所。住宿山屋者，請自備過夜及睡眠裝備。,3,500
新竹縣,五峰鄉 , 移動城堡親子景觀露營區,http://evshhips.pixnet.net/blog/post/347117584,       有收集雨水之儲水設備，枯水期不穩定，有簡易太陽能照明。有坑洞式廁所。住宿山屋者，請自備過夜及睡眠裝備。,3,500
新北市,石門區 , 碉堡親子海景露營區,http://evshhips.pixnet.net/blog/post/347847673,           有收集雨水之儲水設備，枯水期不穩定，有簡易太陽能照明。有坑洞式廁所。住宿山屋者，請自備過夜及睡眠裝備。,3,500
苗栗縣,泰安鄉 , 印象泰雅露營區,http://evshhips.pixnet.net/blog/post/342956275,               有收集雨水之儲水設備，枯水期不穩定，有簡易太陽能照明。有坑洞式廁所。住宿山屋者，請自備過夜及睡眠裝備。,3,500
新竹縣,五峰鄉 , 田秘的家親子露營區,http://evshhips.pixnet.net/blog/post/348231187,           有收集雨水之儲水設備，枯水期不穩定，有簡易太陽能照明。有坑洞式廁所。住宿山屋者，請自備過夜及睡眠裝備。,3,500
宜蘭縣,頭城鎮 , 微笑灣海景親子露營區,http://evshhips.pixnet.net/blog/post/348231580,         有收集雨水之儲水設備，枯水期不穩定，有簡易太陽能照明。有坑洞式廁所。住宿山屋者，請自備過夜及睡眠裝備。,3,500
苗栗縣,銅鑼鄉 , 風山雅筑親子露營區(2訪),http://evshhips.pixnet.net/blog/post/348395314,      有收集雨水之儲水設備，枯水期不穩定，有簡易太陽能照明。有坑洞式廁所。住宿山屋者，請自備過夜及睡眠裝備。,3,500
苗栗縣,大湖鄉 , 紮營趣親子露營區,http://evshhips.pixnet.net/blog/post/348636439,             有收集雨水之儲水設備，枯水期不穩定，有簡易太陽能照明。有坑洞式廁所。住宿山屋者，請自備過夜及睡眠裝備。,3,500
新竹縣,尖石鄉 ,樂奔VIP景觀露營區,http://evshhips.pixnet.net/blog/post/348745903,             有收集雨水之儲水設備，枯水期不穩定，有簡易太陽能照明。有坑洞式廁所。住宿山屋者，請自備過夜及睡眠裝備。,3,500
苗栗縣,卓蘭鎮 , 緣野營客親子露營區,http://evshhips.pixnet.net/blog/post/348636214,           有收集雨水之儲水設備，枯水期不穩定，有簡易太陽能照明。有坑洞式廁所。住宿山屋者，請自備過夜及睡眠裝備。,3,500
新北市,三芝區 ,逐風踏浪海景親子露營區,http://evshhips.pixnet.net/blog/post/349063057,        有收集雨水之儲水設備，枯水期不穩定，有簡易太陽能照明。有坑洞式廁所。住宿山屋者，請自備過夜及睡眠裝備。,3,500
苗栗縣,泰安鄉 , 晨風親子露營樂園,https://evshhips.pixnet.net/blog/post/349255363,            有收集雨水之儲水設備，枯水期不穩定，有簡易太陽能照明。有坑洞式廁所。住宿山屋者，請自備過夜及睡眠裝備。,3,500
苗栗縣,南庄鄉 , 六呆親子景觀露營區,https://evshhips.pixnet.net/blog/post/349294630,          有收集雨水之儲水設備，枯水期不穩定，有簡易太陽能照明。有坑洞式廁所。住宿山屋者，請自備過夜及睡眠裝備。,3,500
苗栗縣,大湖鄉 , 瑪那邦之星雲景露營區,https://evshhips.pixnet.net/blog/post/349379260,        有收集雨水之儲水設備，枯水期不穩定，有簡易太陽能照明。有坑洞式廁所。住宿山屋者，請自備過夜及睡眠裝備。,3,500
苗栗縣,南庄鄉 ,杉彩森林親子露營區,https://evshhips.pixnet.net/blog/post/349422931,           有收集雨水之儲水設備，枯水期不穩定，有簡易太陽能照明。有坑洞式廁所。住宿山屋者，請自備過夜及睡眠裝備。,3,500
苗栗縣,卓蘭鎮 ,兩朵雲親子露營樂園 ,https://evshhips.pixnet.net/blog/post/349460992,          有收集雨水之儲水設備，枯水期不穩定，有簡易太陽能照明。有坑洞式廁所。住宿山屋者，請自備過夜及睡眠裝備。,3,500
宜蘭縣,南澳鄉 , 南澳鄉農場露營區,https://evshhips.pixnet.net/blog/post/349657639,            有收集雨水之儲水設備，枯水期不穩定，有簡易太陽能照明。有坑洞式廁所。住宿山屋者，請自備過夜及睡眠裝備。,3,500
新竹縣,五峰鄉 , 戀戀天湖親子露營區,https://evshhips.pixnet.net/blog/post/348511204,          有收集雨水之儲水設備，枯水期不穩定，有簡易太陽能照明。有坑洞式廁所。住宿山屋者，請自備過夜及睡眠裝備。,3,500
新竹縣,新豐鄉 , 新豐鄉親子休閒露營區,https://evshhips.pixnet.net/blog/post/349013659,        有收集雨水之儲水設備，枯水期不穩定，有簡易太陽能照明。有坑洞式廁所。住宿山屋者，請自備過夜及睡眠裝備。,3,500
苗栗縣,獅潭鄉 , 國王的移動城堡親子露營區,https://evshhips.pixnet.net/blog/post/349902403,    有收集雨水之儲水設備，枯水期不穩定，有簡易太陽能照明。有坑洞式廁所。住宿山屋者，請自備過夜及睡眠裝備。,3,500
新竹縣,尖石鄉 ,童話森林親子露營水樂園(2),https://evshhips.pixnet.net/blog/post/350210320,    有收集雨水之儲水設備，枯水期不穩定，有簡易太陽能照明。有坑洞式廁所。住宿山屋者，請自備過夜及睡眠裝備。,3,500
苗栗縣,南庄鄉 ,紅毛印象露營窩親子(2),https://evshhips.pixnet.net/blog/post/350311321,        有收集雨水之儲水設備，枯水期不穩定，有簡易太陽能照明。有坑洞式廁所。住宿山屋者，請自備過夜及睡眠裝備。,3,700
苗栗縣,獅潭鄉 ,思情華意親子露營樂園,https://evshhips.pixnet.net/blog/post/350078656,         有收集雨水之儲水設備，枯水期不穩定，有簡易太陽能照明。有坑洞式廁所。住宿山屋者，請自備過夜及睡眠裝備。,3,700
苗栗縣,大湖鄉 ,夢之谷親子露營樂園(2),https://evshhips.pixnet.net/blog/post/350495512,        有收集雨水之儲水設備，枯水期不穩定，有簡易太陽能照明。有坑洞式廁所。住宿山屋者，請自備過夜及睡眠裝備。,3,700
新竹縣,尖石鄉 ,怪獸綠境景觀露營區,https://evshhips.pixnet.net/blog/post/350701861,           有收集雨水之儲水設備，枯水期不穩定，有簡易太陽能照明。有坑洞式廁所。住宿山屋者，請自備過夜及睡眠裝備。,3,700
新北市,石門區 ,碉堡親子海景露營區(2),https://evshhips.pixnet.net/blog/post/350780089,        有收集雨水之儲水設備，枯水期不穩定，有簡易太陽能照明。有坑洞式廁所。住宿山屋者，請自備過夜及睡眠裝備。,3,700
苗栗縣,泰安鄉 , 好地方親子露營區,https://evshhips.pixnet.net/blog/post/350833105,            有收集雨水之儲水設備，枯水期不穩定，有簡易太陽能照明。有坑洞式廁所。住宿山屋者，請自備過夜及睡眠裝備。,3,700
苗栗縣,三義鄉 , 獸巢(親子露營),https://evshhips.pixnet.net/blog/post/350985169,              有收集雨水之儲水設備，枯水期不穩定，有簡易太陽能照明。有坑洞式廁所。住宿山屋者，請自備過夜及睡眠裝備。,3,700
苗栗縣,卓蘭鎮 , 小白屋親子農園,https://evshhips.pixnet.net/blog/post/351101590,              有收集雨水之儲水設備，枯水期不穩定，有簡易太陽能照明。有坑洞式廁所。住宿山屋者，請自備過夜及睡眠裝備。,3,700
苗栗縣,後龍鎮 , 台灣水牛城/露營,https://evshhips.pixnet.net/blog/post/351346921,             有收集雨水之儲水設備，枯水期不穩定，有簡易太陽能照明。有坑洞式廁所。住宿山屋者，請自備過夜及睡眠裝備。,3,700
苗栗縣,大湖鄉 ,東和景觀露營區,https://evshhips.pixnet.net/blog/post/351382945,               有收集雨水之儲水設備，枯水期不穩定，有簡易太陽能照明。有坑洞式廁所。住宿山屋者，請自備過夜及睡眠裝備。,3,700
苗栗縣,大湖鄉 ,馬菈棒景觀露營區(2),https://evshhips.pixnet.net/blog/post/351682177,          有收集雨水之儲水設備，枯水期不穩定，有簡易太陽能照明。有坑洞式廁所。住宿山屋者，請自備過夜及睡眠裝備。,3,700
苗栗縣,泰安鄉 , 楓櫻秘境景觀露營區,https://evshhips.pixnet.net/blog/post/351769564,          有收集雨水之儲水設備，枯水期不穩定，有簡易太陽能照明。有坑洞式廁所。住宿山屋者，請自備過夜及睡眠裝備。,3,700
苗栗縣,南庄鄉 , 星星杉丘親子露營區2,https://evshhips.pixnet.net/blog/post/352046020,         有收集雨水之儲水設備，枯水期不穩定，有簡易太陽能照明。有坑洞式廁所。住宿山屋者，請自備過夜及睡眠裝備。,3,700
苗栗縣,大湖鄉 , 一遊味境親子露營區,https://evshhips.pixnet.net/blog/post/351592711,          有收集雨水之儲水設備，枯水期不穩定，有簡易太陽能照明。有坑洞式廁所。住宿山屋者，請自備過夜及睡眠裝備。,3,700
苗栗縣,卓蘭鎮 ,1961的星空親子露營區,https://evshhips.pixnet.net/blog/post/352046257,         有收集雨水之儲水設備，枯水期不穩定，有簡易太陽能照明。有坑洞式廁所。住宿山屋者，請自備過夜及睡眠裝備。,3,700
新竹市,香山區 ,新竹縣風莊園親子露營區(2),https://evshhips.pixnet.net/blog/post/351919105,    有收集雨水之儲水設備，枯水期不穩定，有簡易太陽能照明。有坑洞式廁所。住宿山屋者，請自備過夜及睡眠裝備。,3,700
新竹縣,香山區 ,新竹縣風莊園親子露營區(1),https://evshhips.pixnet.net/blog/post/349868932,    有收集雨水之儲水設備，枯水期不穩定，有簡易太陽能照明。有坑洞式廁所。住宿山屋者，請自備過夜及睡眠裝備。,3,700
臺中市,和平區 ,吉娃斯咖啡莊園親子露營,https://evshhips.pixnet.net/blog/post/352565923,       有收集雨水之儲水設備，枯水期不穩定，有簡易太陽能照明。有坑洞式廁所。住宿山屋者，請自備過夜及睡眠裝備。,3,700
苗栗縣,南庄鄉 ,杉美親子森林露營區,https://evshhips.pixnet.net/blog/post/352605718,           有收集雨水之儲水設備，枯水期不穩定，有簡易太陽能照明。有坑洞式廁所。住宿山屋者，請自備過夜及睡眠裝備。,3,700
苗栗縣,泰安鄉 ,逢雲景觀露營區,https://evshhips.pixnet.net/blog/post/352669324,               有收集雨水之儲水設備，枯水期不穩定，有簡易太陽能照明。有坑洞式廁所。住宿山屋者，請自備過夜及睡眠裝備。,3,700
新竹縣,五峰鄉 , 福心園咖啡親子農場/露營,https://evshhips.pixnet.net/blog/post/352523416,     有收集雨水之儲水設備，枯水期不穩定，有簡易太陽能照明。有坑洞式廁所。住宿山屋者，請自備過夜及睡眠裝備。,3,700
苗栗縣,卓蘭鎮 ,森日快樂六星級親子露營區,https://evshhips.pixnet.net/blog/post/352735382,     有收集雨水之儲水設備，枯水期不穩定，有簡易太陽能照明。有坑洞式廁所。住宿山屋者，請自備過夜及睡眠裝備。,3,700
南投縣,國姓鄉,香草叢林千甲農莊,http://evshhips.pixnet.net/blog/post/312254007 ,              有收集雨水之儲水設備，枯水期不穩定，有簡易太陽能照明。有坑洞式廁所。住宿山屋者，請自備過夜及睡眠裝備。,3,700
南投縣,武界,開心茶園露營區(2),http://evshhips.pixnet.net/blog/post/312007443 ,               有收集雨水之儲水設備，枯水期不穩定，有簡易太陽能照明。有坑洞式廁所。住宿山屋者，請自備過夜及睡眠裝備。,3,700
南投縣,竹山鎮,牛姆坪露營區,http://evshhips.pixnet.net/blog/post/310492554,                   有收集雨水之儲水設備，枯水期不穩定，有簡易太陽能照明。有坑洞式廁所。住宿山屋者，請自備過夜及睡眠裝備。,3,700
南投縣,國姓鄉,水秀農場露營區,http://evshhips.pixnet.net/blog/post/309056568,                 有收集雨水之儲水設備，枯水期不穩定，有簡易太陽能照明。有坑洞式廁所。住宿山屋者，請自備過夜及睡眠裝備。,3,700
臺中市,和平區,松風谷露營區,http://evshhips.pixnet.net/blog/post/308424519,                   有收集雨水之儲水設備，枯水期不穩定，有簡易太陽能照明。有坑洞式廁所。住宿山屋者，請自備過夜及睡眠裝備。,3,700
南投縣,仁愛鄉,曲冰青嵐露營區,http://evshhips.pixnet.net/blog/post/302961357,                 有收集雨水之儲水設備，枯水期不穩定，有簡易太陽能照明。有坑洞式廁所。住宿山屋者，請自備過夜及睡眠裝備。,3,700
南投縣,仁愛鄉,麒帆如露營區,http://evshhips.pixnet.net/blog/post/302785188,                   有收集雨水之儲水設備，枯水期不穩定，有簡易太陽能照明。有坑洞式廁所。住宿山屋者，請自備過夜及睡眠裝備。,3,700
南投縣,中寮鄉,二崁頂露營區,http://evshhips.pixnet.net/blog/post/301594226,                   有收集雨水之儲水設備，枯水期不穩定，有簡易太陽能照明。有坑洞式廁所。住宿山屋者，請自備過夜及睡眠裝備。,3,700
南投縣,仁愛鄉,馬赫坡森林民宿露營區,http://evshhips.pixnet.net/blog/post/300635831 ,          有收集雨水之儲水設備，枯水期不穩定，有簡易太陽能照明。有坑洞式廁所。住宿山屋者，請自備過夜及睡眠裝備。,3,700
南投縣,埔里鎮,二甲Lohas農庄露營區,http://evshhips.pixnet.net/blog/post/299675168,            有收集雨水之儲水設備，枯水期不穩定，有簡易太陽能照明。有坑洞式廁所。住宿山屋者，請自備過夜及睡眠裝備。,3,700
南投縣,國姓鄉,北山露營農場,http://evshhips.pixnet.net/blog/post/296818732,                   有收集雨水之儲水設備，枯水期不穩定，有簡易太陽能照明。有坑洞式廁所。住宿山屋者，請自備過夜及睡眠裝備。,3,700
南投縣,鹿谷鄉,永恆星空露營區,http://evshhips.pixnet.net/blog/post/294467794,                 有收集雨水之儲水設備，枯水期不穩定，有簡易太陽能照明。有坑洞式廁所。住宿山屋者，請自備過夜及睡眠裝備。,3,700
南投縣,鹿谷鄉,和興露營區,http://evshhips.pixnet.net/blog/post/291640252,                     有收集雨水之儲水設備，枯水期不穩定，有簡易太陽能照明。有坑洞式廁所。住宿山屋者，請自備過夜及睡眠裝備。,3,700
南投縣,仁愛鄉,合歡仙境露營區,http://evshhips.pixnet.net/blog/post/290746855,                 有收集雨水之儲水設備，枯水期不穩定，有簡易太陽能照明。有坑洞式廁所。住宿山屋者，請自備過夜及睡眠裝備。,3,700
南投縣,埔里鎮,外寓露營區,http://evshhips.pixnet.net/blog/post/289864066,                     有收集雨水之儲水設備，枯水期不穩定，有簡易太陽能照明。有坑洞式廁所。住宿山屋者，請自備過夜及睡眠裝備。,3,500
南投縣,信義鄉,阿里曼山莊,http://evshhips.pixnet.net/blog/post/285937759,                     有收集雨水之儲水設備，枯水期不穩定，有簡易太陽能照明。有坑洞式廁所。住宿山屋者，請自備過夜及睡眠裝備。,3,500
南投縣,竹山鎮,竹內露營區(1),http://evshhips.pixnet.net/blog/post/276281845,                  有收集雨水之儲水設備，枯水期不穩定，有簡易太陽能照明。有坑洞式廁所。住宿山屋者，請自備過夜及睡眠裝備。,3,500
臺中市,和平區 ,蕗卡營地,http://evshhips.pixnet.net/blog/post/272384050,                      有收集雨水之儲水設備，枯水期不穩定，有簡易太陽能照明。有坑洞式廁所。住宿山屋者，請自備過夜及睡眠裝備。,3,500
南投縣,埔里鎮,拂水山莊露營區,http://evshhips.pixnet.net/blog/post/271132696,                 有收集雨水之儲水設備，枯水期不穩定，有簡易太陽能照明。有坑洞式廁所。住宿山屋者，請自備過夜及睡眠裝備。,3,500
臺中市,新社區,趣露營,http://evshhips.pixnet.net/blog/post/295890790,                         有收集雨水之儲水設備，枯水期不穩定，有簡易太陽能照明。有坑洞式廁所。住宿山屋者，請自備過夜及睡眠裝備。,3,500
臺中市,草屯鎮,黃金綠葉庭園餐廳露營區,http://evshhips.pixnet.net/blog/post/283834609,         有收集雨水之儲水設備，枯水期不穩定，有簡易太陽能照明。有坑洞式廁所。住宿山屋者，請自備過夜及睡眠裝備。,3,500
彰化縣,芬園鄉,醒客咖啡露營區,http://evshhips.pixnet.net/blog/post/287341723,                 有收集雨水之儲水設備，枯水期不穩定，有簡易太陽能照明。有坑洞式廁所。住宿山屋者，請自備過夜及睡眠裝備。,3,500
南投縣,埔里鎮,七里山瑭民宿露營區,http://evshhips.pixnet.net/blog/post/261199027,             有收集雨水之儲水設備，枯水期不穩定，有簡易太陽能照明。有坑洞式廁所。住宿山屋者，請自備過夜及睡眠裝備。,3,500
南投縣,草屯鎮,山上的茶樹露營區,http://evshhips.pixnet.net/blog/post/257525383,               有收集雨水之儲水設備，枯水期不穩定，有簡易太陽能照明。有坑洞式廁所。住宿山屋者，請自備過夜及睡眠裝備。,3,500
南投縣,埔里鎮,虎嘯山莊露營區,http://evshhips.pixnet.net/blog/post/253520554,                 有收集雨水之儲水設備，枯水期不穩定，有簡易太陽能照明。有坑洞式廁所。住宿山屋者，請自備過夜及睡眠裝備。,3,500
南投縣,武界,靼靶嶺森林露營區(1),http://evshhips.pixnet.net/blog/post/248198653,              有收集雨水之儲水設備，枯水期不穩定，有簡易太陽能照明。有坑洞式廁所。住宿山屋者，請自備過夜及睡眠裝備。,3,500
彰化縣,溪湖鎮,沐卉親子農場露營區,http://evshhips.pixnet.net/blog/post/243715597,             有收集雨水之儲水設備，枯水期不穩定，有簡易太陽能照明。有坑洞式廁所。住宿山屋者，請自備過夜及睡眠裝備。,3,500
南投縣,鹿谷鄉,竹亭咖啡露營區,http://evshhips.pixnet.net/blog/post/239852818,                 有收集雨水之儲水設備，枯水期不穩定，有簡易太陽能照明。有坑洞式廁所。住宿山屋者，請自備過夜及睡眠裝備。,3,500
南投縣,魚池鄉,頭社水庫露營區(1),http://evshhips.pixnet.net/blog/post/284875198,              有收集雨水之儲水設備，枯水期不穩定，有簡易太陽能照明。有坑洞式廁所。住宿山屋者，請自備過夜及睡眠裝備。,3,500
南投縣,武界,開心茶園露營區(1),http://evshhips.pixnet.net/blog/post/244396444,                有收集雨水之儲水設備，枯水期不穩定，有簡易太陽能照明。有坑洞式廁所。住宿山屋者，請自備過夜及睡眠裝備。,3,500
南投縣,信義鄉,源頭溫泉民宿露營區,http://evshhips.pixnet.net/blog/post/283121017,             有收集雨水之儲水設備，枯水期不穩定，有簡易太陽能照明。有坑洞式廁所。住宿山屋者，請自備過夜及睡眠裝備。,3,500
南投縣,埔里鎮,聽瀑露營區,http://evshhips.pixnet.net/blog/post/282966160,                     有收集雨水之儲水設備，枯水期不穩定，有簡易太陽能照明。有坑洞式廁所。住宿山屋者，請自備過夜及睡眠裝備。,3,500
南投縣,信義鄉,都構密思民宿露營區,http://evshhips.pixnet.net/blog/post/246719311,             有收集雨水之儲水設備，枯水期不穩定，有簡易太陽能照明。有坑洞式廁所。住宿山屋者，請自備過夜及睡眠裝備。,3,500
南投縣,竹山鎮,空中邊境露營區,http://evshhips.pixnet.net/blog/post/274139782,                 有收集雨水之儲水設備，枯水期不穩定，有簡易太陽能照明。有坑洞式廁所。住宿山屋者，請自備過夜及睡眠裝備。,3,500
南投縣,武界,靼靶嶺森林露營區(2),http://evshhips.pixnet.net/blog/post/313739421,              有收集雨水之儲水設備，枯水期不穩定，有簡易太陽能照明。有坑洞式廁所。住宿山屋者，請自備過夜及睡眠裝備。,6,500
臺中市,和平區,熊爸營地,http://evshhips.pixnet.net/blog/post/314645025,                       有收集雨水之儲水設備，枯水期不穩定，有簡易太陽能照明。有坑洞式廁所。住宿山屋者，請自備過夜及睡眠裝備。,6,500
南投縣,魚池鄉,日月潭夢想親子露營區,http://evshhips.pixnet.net/blog/post/316916817,           有收集雨水之儲水設備，枯水期不穩定，有簡易太陽能照明。有坑洞式廁所。住宿山屋者，請自備過夜及睡眠裝備。,6,500
臺中市,和平區,松畫居露營.會館,http://evshhips.pixnet.net/blog/post/320486646,                有收集雨水之儲水設備，枯水期不穩定，有簡易太陽能照明。有坑洞式廁所。住宿山屋者，請自備過夜及睡眠裝備。,6,500
南投縣,仁愛鄉,伴天聊營地,http://evshhips.pixnet.net/blog/post/320732979,                     有收集雨水之儲水設備，枯水期不穩定，有簡易太陽能照明。有坑洞式廁所。住宿山屋者，請自備過夜及睡眠裝備。,6,500
南投縣,中寮鄉,森呼吸營地,http://evshhips.pixnet.net/blog/post/321917394,                     有收集雨水之儲水設備，枯水期不穩定，有簡易太陽能照明。有坑洞式廁所。住宿山屋者，請自備過夜及睡眠裝備。,6,500
南投縣,國姓鄉,沙八渡假村露營區,http://evshhips.pixnet.net/blog/post/324225486,               有收集雨水之儲水設備，枯水期不穩定，有簡易太陽能照明。有坑洞式廁所。住宿山屋者，請自備過夜及睡眠裝備。,6,500
南投縣,埔里鎮,哈里露露營地,http://evshhips.pixnet.net/blog/post/325145100,                   有收集雨水之儲水設備，枯水期不穩定，有簡易太陽能照明。有坑洞式廁所。住宿山屋者，請自備過夜及睡眠裝備。,6,500
南投縣,中寮鄉,心花露FUN親子露營區,http://evshhips.pixnet.net/blog/post/327784920,            有收集雨水之儲水設備，枯水期不穩定，有簡易太陽能照明。有坑洞式廁所。住宿山屋者，請自備過夜及睡眠裝備。,6,500
南投縣,埔里鎮, 玫花露,http://evshhips.pixnet.net/blog/post/327723345,                        有收集雨水之儲水設備，枯水期不穩定，有簡易太陽能照明。有坑洞式廁所。住宿山屋者，請自備過夜及睡眠裝備。,6,500
南投縣,埔里鎮, 樂活森林露營區,http://evshhips.pixnet.net/blog/post/328404951,                有收集雨水之儲水設備，枯水期不穩定，有簡易太陽能照明。有坑洞式廁所。住宿山屋者，請自備過夜及睡眠裝備。,6,500
臺中市,和平區, 春露茶園露營區,http://evshhips.pixnet.net/blog/post/328975044,                有收集雨水之儲水設備，枯水期不穩定，有簡易太陽能照明。有坑洞式廁所。住宿山屋者，請自備過夜及睡眠裝備。,6,500
南投縣,仁愛鄉, 原夢露營區,http://evshhips.pixnet.net/blog/post/329454603,                    有收集雨水之儲水設備，枯水期不穩定，有簡易太陽能照明。有坑洞式廁所。住宿山屋者，請自備過夜及睡眠裝備。,6,500
南投縣,埔里鎮, 中坑瀑布露營區,http://evshhips.pixnet.net/blog/post/329569188,                有收集雨水之儲水設備，枯水期不穩定，有簡易太陽能照明。有坑洞式廁所。住宿山屋者，請自備過夜及睡眠裝備。,6,500
南投縣,仁愛鄉,武界觀景露營區,http://evshhips.pixnet.net/blog/post/329933712,                 有收集雨水之儲水設備，枯水期不穩定，有簡易太陽能照明。有坑洞式廁所。住宿山屋者，請自備過夜及睡眠裝備。,6,500
南投縣,信義鄉, 那卡斯營地,http://evshhips.pixnet.net/blog/post/328408887,                    有收集雨水之儲水設備，枯水期不穩定，有簡易太陽能照明。有坑洞式廁所。住宿山屋者，請自備過夜及睡眠裝備。,6,500
臺中市,后里區, 悠遊親子露營區,http://evshhips.pixnet.net/blog/post/334009224,                有收集雨水之儲水設備，枯水期不穩定，有簡易太陽能照明。有坑洞式廁所。住宿山屋者，請自備過夜及睡眠裝備。,6,500
南投縣,中寮鄉,賞星月慕親子露營區,http://evshhips.pixnet.net/blog/post/333517806,             有收集雨水之儲水設備，枯水期不穩定，有簡易太陽能照明。有坑洞式廁所。住宿山屋者，請自備過夜及睡眠裝備。,6,500
臺中市,后里區, 星月大地親子露營區,http://evshhips.pixnet.net/blog/post/334658420,            有收集雨水之儲水設備，枯水期不穩定，有簡易太陽能照明。有坑洞式廁所。住宿山屋者，請自備過夜及睡眠裝備。,6,500
南投縣,草屯鎮, 三乘山親子露營區(1),http://evshhips.pixnet.net/blog/post/336106616,           有收集雨水之儲水設備，枯水期不穩定，有簡易太陽能照明。有坑洞式廁所。住宿山屋者，請自備過夜及睡眠裝備。,6,500
南投縣,埔里鎮,滴水露營山莊,http://evshhips.pixnet.net/blog/post/336388799,                   有收集雨水之儲水設備，枯水期不穩定，有簡易太陽能照明。有坑洞式廁所。住宿山屋者，請自備過夜及睡眠裝備。,6,500
南投縣,國姓鄉,連興景觀露營區,http://evshhips.pixnet.net/blog/post/335713430,                 有收集雨水之儲水設備，枯水期不穩定，有簡易太陽能照明。有坑洞式廁所。住宿山屋者，請自備過夜及睡眠裝備。,6,500
南投縣,中寮鄉,雲峯景觀莊園營地,http://evshhips.pixnet.net/blog/post/336128681,               有收集雨水之儲水設備，枯水期不穩定，有簡易太陽能照明。有坑洞式廁所。住宿山屋者，請自備過夜及睡眠裝備。,6,500
南投縣,埔里鎮, 廣成宋爸露營區,http://evshhips.pixnet.net/blog/post/334353345,                有收集雨水之儲水設備，枯水期不穩定，有簡易太陽能照明。有坑洞式廁所。住宿山屋者，請自備過夜及睡眠裝備。,6,500
臺中市,和平區, 高地景觀露營區,http://evshhips.pixnet.net/blog/post/337974086,                有收集雨水之儲水設備，枯水期不穩定，有簡易太陽能照明。有坑洞式廁所。住宿山屋者，請自備過夜及睡眠裝備。,6,500
南投縣,國姓鄉,山水園親子露營區(1),http://evshhips.pixnet.net/blog/post/338913074,            有收集雨水之儲水設備，枯水期不穩定，有簡易太陽能照明。有坑洞式廁所。住宿山屋者，請自備過夜及睡眠裝備。,6,500
南投縣,國姓鄉,港寮枝179營地,http://evshhips.pixnet.net/blog/post/337645016,                  有收集雨水之儲水設備，枯水期不穩定，有簡易太陽能照明。有坑洞式廁所。住宿山屋者，請自備過夜及睡眠裝備。,6,500
南投縣,魚池鄉, 唯樂親子露營區,http://evshhips.pixnet.net/blog/post/338915762,                有收集雨水之儲水設備，枯水期不穩定，有簡易太陽能照明。有坑洞式廁所。住宿山屋者，請自備過夜及睡眠裝備。,6,500
南投縣,廬山, 仙境溫泉露營區,http://evshhips.pixnet.net/blog/post/339179663,                  有收集雨水之儲水設備，枯水期不穩定，有簡易太陽能照明。有坑洞式廁所。住宿山屋者，請自備過夜及睡眠裝備。,6,500
南投縣,鹿谷鄉, 露.山曉露營區,http://evshhips.pixnet.net/blog/post/339734165,                 有收集雨水之儲水設備，枯水期不穩定，有簡易太陽能照明。有坑洞式廁所。住宿山屋者，請自備過夜及睡眠裝備。,6,500
臺中市,和平區, 打獵季節親子露營地,http://evshhips.pixnet.net/blog/post/340310661,            有收集雨水之儲水設備，枯水期不穩定，有簡易太陽能照明。有坑洞式廁所。住宿山屋者，請自備過夜及睡眠裝備。,6,500
南投縣,中寮鄉, 冒險家森林露營地,http://evshhips.pixnet.net/blog/post/340361583,              有收集雨水之儲水設備，枯水期不穩定，有簡易太陽能照明。有坑洞式廁所。住宿山屋者，請自備過夜及睡眠裝備。,6,500
臺中市,后里區,一境頭親子露營地(1),http://evshhips.pixnet.net/blog/post/340564797,            有收集雨水之儲水設備，枯水期不穩定，有簡易太陽能照明。有坑洞式廁所。住宿山屋者，請自備過夜及睡眠裝備。,6,500
臺中市,新社區,山居歲月親子露營地,http://evshhips.pixnet.net/blog/post/341670210,             有收集雨水之儲水設備，枯水期不穩定，有簡易太陽能照明。有坑洞式廁所。住宿山屋者，請自備過夜及睡眠裝備。,6,500
南投縣,竹山鎮, 哈比親子景觀露營地,http://evshhips.pixnet.net/blog/post/341768937,            有收集雨水之儲水設備，枯水期不穩定，有簡易太陽能照明。有坑洞式廁所。住宿山屋者，請自備過夜及睡眠裝備。,6,500
臺中市,和平區, 覓靜景觀親子莊園,http://evshhips.pixnet.net/blog/post/341785260,              有收集雨水之儲水設備，枯水期不穩定，有簡易太陽能照明。有坑洞式廁所。住宿山屋者，請自備過夜及睡眠裝備。,3,500
南投縣,魚池鄉, 山福情森親子露營地,http://evshhips.pixnet.net/blog/post/341029566,            有收集雨水之儲水設備，枯水期不穩定，有簡易太陽能照明。有坑洞式廁所。住宿山屋者，請自備過夜及睡眠裝備。,3,500
臺中市,新社區, MoM0佳園親子露營樂,http://evshhips.pixnet.net/blog/post/342415582,            有收集雨水之儲水設備，枯水期不穩定，有簡易太陽能照明。有坑洞式廁所。住宿山屋者，請自備過夜及睡眠裝備。,3,500
南投縣,溪頭,麻吉景觀露營地,http://evshhips.pixnet.net/blog/post/341668977,                   有收集雨水之儲水設備，枯水期不穩定，有簡易太陽能照明。有坑洞式廁所。住宿山屋者，請自備過夜及睡眠裝備。,3,500
南投縣,國姓鄉, 漾嵐山莊親子露營地,http://evshhips.pixnet.net/blog/post/342286512,            有收集雨水之儲水設備，枯水期不穩定，有簡易太陽能照明。有坑洞式廁所。住宿山屋者，請自備過夜及睡眠裝備。,3,500
南投縣,埔里鎮,森林峰味親子露營地,http://evshhips.pixnet.net/blog/post/343413106,             有收集雨水之儲水設備，枯水期不穩定，有簡易太陽能照明。有坑洞式廁所。住宿山屋者，請自備過夜及睡眠裝備。,3,500
南投縣,仁愛鄉,清境 蘇格蘭高地露營區,http://evshhips.pixnet.net/blog/post/343521244,          有收集雨水之儲水設備，枯水期不穩定，有簡易太陽能照明。有坑洞式廁所。住宿山屋者，請自備過夜及睡眠裝備。,3,500
南投縣,仁愛鄉清境, 諾亞方舟景觀露營地,http://evshhips.pixnet.net/blog/post/343523362,        有收集雨水之儲水設備，枯水期不穩定，有簡易太陽能照明。有坑洞式廁所。住宿山屋者，請自備過夜及睡眠裝備。,3,500
臺中市,新社區,四分之三景觀露營地,http://evshhips.pixnet.net/blog/post/343717382,             有收集雨水之儲水設備，枯水期不穩定，有簡易太陽能照明。有坑洞式廁所。住宿山屋者，請自備過夜及睡眠裝備。,3,500
南投縣,魚池鄉, 幸福城堡親子露營地,http://evshhips.pixnet.net/blog/post/343758429,            有收集雨水之儲水設備，枯水期不穩定，有簡易太陽能照明。有坑洞式廁所。住宿山屋者，請自備過夜及睡眠裝備。,3,500
南投縣,鹿谷鄉 ,宏億景觀茶園露營地,http://evshhips.pixnet.net/blog/post/343364827,            有收集雨水之儲水設備，枯水期不穩定，有簡易太陽能照明。有坑洞式廁所。住宿山屋者，請自備過夜及睡眠裝備。,3,500
南投縣,仁愛鄉, 畫眉園親子露營區,http://evshhips.pixnet.net/blog/post/344265676,              有收集雨水之儲水設備，枯水期不穩定，有簡易太陽能照明。有坑洞式廁所。住宿山屋者，請自備過夜及睡眠裝備。,3,500
南投縣,國姓鄉 , 浚晟景觀茶園露營地,http://evshhips.pixnet.net/blog/post/344600380,           有收集雨水之儲水設備，枯水期不穩定，有簡易太陽能照明。有坑洞式廁所。住宿山屋者，請自備過夜及睡眠裝備。,3,500
臺中市,后里區 , 水映親子露營地,http://evshhips.pixnet.net/blog/post/344865448,               有收集雨水之儲水設備，枯水期不穩定，有簡易太陽能照明。有坑洞式廁所。住宿山屋者，請自備過夜及睡眠裝備。,3,500
彰化縣,芬園鄉 , 一星伴親子露營地,http://evshhips.pixnet.net/blog/post/344950570,             有收集雨水之儲水設備，枯水期不穩定，有簡易太陽能照明。有坑洞式廁所。住宿山屋者，請自備過夜及睡眠裝備。,3,500
南投縣,竹山鎮,大鞍幸福露營農場,http://evshhips.pixnet.net/blog/post/345344737,               有收集雨水之儲水設備，枯水期不穩定，有簡易太陽能照明。有坑洞式廁所。住宿山屋者，請自備過夜及睡眠裝備。,3,500
南投縣,埔里鎮,青青親子露營農場,http://evshhips.pixnet.net/blog/post/345493906,               有收集雨水之儲水設備，枯水期不穩定，有簡易太陽能照明。有坑洞式廁所。住宿山屋者，請自備過夜及睡眠裝備。,3,500
南投縣,仁愛鄉,蘋果園景觀露營區,http://evshhips.pixnet.net/blog/post/345748273,               有收集雨水之儲水設備，枯水期不穩定，有簡易太陽能照明。有坑洞式廁所。住宿山屋者，請自備過夜及睡眠裝備。,3,500
南投縣,仁愛鄉,士官長溫泉露營區,http://evshhips.pixnet.net/blog/post/345957958,               有收集雨水之儲水設備，枯水期不穩定，有簡易太陽能照明。有坑洞式廁所。住宿山屋者，請自備過夜及睡眠裝備。,3,500
臺中市,東勢鄉,大雪山觀山嶺露營地,http://evshhips.pixnet.net/blog/post/346098871,             有收集雨水之儲水設備，枯水期不穩定，有簡易太陽能照明。有坑洞式廁所。住宿山屋者，請自備過夜及睡眠裝備。,3,500
臺中市,新社區, 天山秘境森林露營區,http://evshhips.pixnet.net/blog/post/346253077,            有收集雨水之儲水設備，枯水期不穩定，有簡易太陽能照明。有坑洞式廁所。住宿山屋者，請自備過夜及睡眠裝備。,3,500
南投縣,仁愛鄉 ,武界台興茶園營地,http://evshhips.pixnet.net/blog/post/346283461,              有收集雨水之儲水設備，枯水期不穩定，有簡易太陽能照明。有坑洞式廁所。住宿山屋者，請自備過夜及睡眠裝備。,3,500
南投縣,竹山鎮 ,右下四角村親子露營地,http://evshhips.pixnet.net/blog/post/346449442,          有收集雨水之儲水設備，枯水期不穩定，有簡易太陽能照明。有坑洞式廁所。住宿山屋者，請自備過夜及睡眠裝備。,3,500
南投縣,魚池鄉 , 涵香小屋親子露營驛站,http://evshhips.pixnet.net/blog/post/346888291,         有收集雨水之儲水設備，枯水期不穩定，有簡易太陽能照明。有坑洞式廁所。住宿山屋者，請自備過夜及睡眠裝備。,3,500
臺中市,后里區 ,田園樂親子露營區,http://evshhips.pixnet.net/blog/post/346984219,              有收集雨水之儲水設備，枯水期不穩定，有簡易太陽能照明。有坑洞式廁所。住宿山屋者，請自備過夜及睡眠裝備。,3,500
南投縣,國姓鄉 , 川中島落羽松露營秘境,http://evshhips.pixnet.net/blog/post/347427026,         有收集雨水之儲水設備，枯水期不穩定，有簡易太陽能照明。有坑洞式廁所。住宿山屋者，請自備過夜及睡眠裝備。,3,500
南投縣,鹿谷鄉 ,一陽景觀森林露營區,http://evshhips.pixnet.net/blog/post/347177879,            有收集雨水之儲水設備，枯水期不穩定，有簡易太陽能照明。有坑洞式廁所。住宿山屋者，請自備過夜及睡眠裝備。,3,500
南投縣,竹山鎮 ,竹內景觀露營區(2),http://evshhips.pixnet.net/blog/post/347781857,             有收集雨水之儲水設備，枯水期不穩定，有簡易太陽能照明。有坑洞式廁所。住宿山屋者，請自備過夜及睡眠裝備。,3,500
南投縣,埔里鎮 ,農家樂親子露營區,http://evshhips.pixnet.net/blog/post/347847292,              有收集雨水之儲水設備，枯水期不穩定，有簡易太陽能照明。有坑洞式廁所。住宿山屋者，請自備過夜及睡眠裝備。,3,500
南投縣,鹿谷鄉 , 847巴士親子露營區,http://evshhips.pixnet.net/blog/post/347610161,            有收集雨水之儲水設備，枯水期不穩定，有簡易太陽能照明。有坑洞式廁所。住宿山屋者，請自備過夜及睡眠裝備。,3,500
南投縣,竹山鎮 , 杉林雲境景觀露營區,http://evshhips.pixnet.net/blog/post/347956582,           有收集雨水之儲水設備，枯水期不穩定，有簡易太陽能照明。有坑洞式廁所。住宿山屋者，請自備過夜及睡眠裝備。,3,500
臺中市,和平區 ,森杉親子森林露營區,http://evshhips.pixnet.net/blog/post/348014830,            有收集雨水之儲水設備，枯水期不穩定，有簡易太陽能照明。有坑洞式廁所。住宿山屋者，請自備過夜及睡眠裝備。,3,500
南投縣,埔里鎮 , 蘑菇山林奇幻露營區,http://evshhips.pixnet.net/blog/post/348144634,           有收集雨水之儲水設備，枯水期不穩定，有簡易太陽能照明。有坑洞式廁所。住宿山屋者，請自備過夜及睡眠裝備。,3,500
南投縣,國姓鄉,地利天主堂野營地,http://evshhips.pixnet.net/blog/post/347708030,               有收集雨水之儲水設備，枯水期不穩定，有簡易太陽能照明。有坑洞式廁所。住宿山屋者，請自備過夜及睡眠裝備。,3,500
南投縣,仁愛鄉 , 來來圓夢親子露營區,http://evshhips.pixnet.net/blog/post/348518530,           有收集雨水之儲水設備，枯水期不穩定，有簡易太陽能照明。有坑洞式廁所。住宿山屋者，請自備過夜及睡眠裝備。,3,500
南投縣,中寮鄉 ,洞九的山莊雲景露營區,http://evshhips.pixnet.net/blog/post/348951958,          有收集雨水之儲水設備，枯水期不穩定，有簡易太陽能照明。有坑洞式廁所。住宿山屋者，請自備過夜及睡眠裝備。,3,500
南投縣,魚池鄉 , 射手座奢華森林營地,http://evshhips.pixnet.net/blog/post/349163209,           有收集雨水之儲水設備，枯水期不穩定，有簡易太陽能照明。有坑洞式廁所。住宿山屋者，請自備過夜及睡眠裝備。,3,500
南投縣,國姓鄉 ,騰雲景觀農莊露營區,http://evshhips.pixnet.net/blog/post/349211707,            有收集雨水之儲水設備，枯水期不穩定，有簡易太陽能照明。有坑洞式廁所。住宿山屋者，請自備過夜及睡眠裝備。,8,500
南投縣,仁愛鄉 ,樹不老親子露營區,https://evshhips.pixnet.net/blog/post/349340134,             有收集雨水之儲水設備，枯水期不穩定，有簡易太陽能照明。有坑洞式廁所。住宿山屋者，請自備過夜及睡眠裝備。,8,500
南投縣,埔里鎮 , 箱根溫泉生活會館露營,https://evshhips.pixnet.net/blog/post/349498711,        有收集雨水之儲水設備，枯水期不穩定，有簡易太陽能照明。有坑洞式廁所。住宿山屋者，請自備過夜及睡眠裝備。,8,500
南投縣,竹山鎮 , 靜竹星空觀景露營區,https://evshhips.pixnet.net/blog/post/349539025,          有收集雨水之儲水設備，枯水期不穩定，有簡易太陽能照明。有坑洞式廁所。住宿山屋者，請自備過夜及睡眠裝備。,8,500
南投縣,埔里鎮 , ToMe桃米親子露營樂園,https://evshhips.pixnet.net/blog/post/349577764,        有收集雨水之儲水設備，枯水期不穩定，有簡易太陽能照明。有坑洞式廁所。住宿山屋者，請自備過夜及睡眠裝備。,8,500
南投縣,埔里鎮 ,彩虹天空親子露營新樂園,https://evshhips.pixnet.net/blog/post/349657825,       有收集雨水之儲水設備，枯水期不穩定，有簡易太陽能照明。有坑洞式廁所。住宿山屋者，請自備過夜及睡眠裝備。,8,500
臺中市,新社區 , 天籟之森親子露營樂園,https://evshhips.pixnet.net/blog/post/349710085,        有收集雨水之儲水設備，枯水期不穩定，有簡易太陽能照明。有坑洞式廁所。住宿山屋者，請自備過夜及睡眠裝備。,8,500
南投縣,水里鄉 ,山中流域親子露營樂園,https://evshhips.pixnet.net/blog/post/349958467,         有收集雨水之儲水設備，枯水期不穩定，有簡易太陽能照明。有坑洞式廁所。住宿山屋者，請自備過夜及睡眠裝備。,8,500
南投縣,集集鎮 , 石頭窩森林景緻露營區,https://evshhips.pixnet.net/blog/post/348909706,        有收集雨水之儲水設備，枯水期不穩定，有簡易太陽能照明。有坑洞式廁所。住宿山屋者，請自備過夜及睡眠裝備。,8,500
臺中市,后里區 , 一境頭親子露營區(2),https://evshhips.pixnet.net/blog/post/350013853,         有收集雨水之儲水設備，枯水期不穩定，有簡易太陽能照明。有坑洞式廁所。住宿山屋者，請自備過夜及睡眠裝備。,8,500
南投縣,埔里鎮 ,築樂親子露營區,https://evshhips.pixnet.net/blog/post/350050507,               有收集雨水之儲水設備，枯水期不穩定，有簡易太陽能照明。有坑洞式廁所。住宿山屋者，請自備過夜及睡眠裝備。,8,500
南投縣,國姓鄉 , 浚晟景觀茶園露營區(2訪),https://evshhips.pixnet.net/blog/post/350184823,     有收集雨水之儲水設備，枯水期不穩定，有簡易太陽能照明。有坑洞式廁所。住宿山屋者，請自備過夜及睡眠裝備。,8,500
南投縣,國姓鄉 ,香草叢林親子露營樂園(2),https://evshhips.pixnet.net/blog/post/350278162,      有收集雨水之儲水設備，枯水期不穩定，有簡易太陽能照明。有坑洞式廁所。住宿山屋者，請自備過夜及睡眠裝備。,8,500
南投縣,仁愛鄉 , 曉山秋親子露營區,https://evshhips.pixnet.net/blog/post/350278264,            有收集雨水之儲水設備，枯水期不穩定，有簡易太陽能照明。有坑洞式廁所。住宿山屋者，請自備過夜及睡眠裝備。,8,500
南投縣,仁愛鄉' ,滿天馨親子露營區,https://evshhips.pixnet.net/blog/post/350322853,            有收集雨水之儲水設備，枯水期不穩定，有簡易太陽能照明。有坑洞式廁所。住宿山屋者，請自備過夜及睡眠裝備。,8,500
南投縣,國姓鄉 ,小胖親子露營樂園,https://evshhips.pixnet.net/blog/post/350420374,             有收集雨水之儲水設備，枯水期不穩定，有簡易太陽能照明。有坑洞式廁所。住宿山屋者，請自備過夜及睡眠裝備。,8,500
臺中市,新社區,沐晨親子露營區,https://evshhips.pixnet.net/blog/post/350457589,                有收集雨水之儲水設備，枯水期不穩定，有簡易太陽能照明。有坑洞式廁所。住宿山屋者，請自備過夜及睡眠裝備。,8,500
臺中市,東勢鄉,丘之町森林營地(沿指標行進),https://evshhips.pixnet.net/blog/post/350311459,    有收集雨水之儲水設備，枯水期不穩定，有簡易太陽能照明。有坑洞式廁所。住宿山屋者，請自備過夜及睡眠裝備。,8,500
南投縣,仁愛鄉 ,麒帆如親子露營區(2訪),https://evshhips.pixnet.net/blog/post/350537653,        有收集雨水之儲水設備，枯水期不穩定，有簡易太陽能照明。有坑洞式廁所。住宿山屋者，請自備過夜及睡眠裝備。,8,500
南投縣,魚池鄉 ,星野小路親子露營樂園,https://evshhips.pixnet.net/blog/post/350736832,         有收集雨水之儲水設備，枯水期不穩定，有簡易太陽能照明。有坑洞式廁所。住宿山屋者，請自備過夜及睡眠裝備。,8,500
南投縣,仁愛鄉 , 月夢田親子露營區,https://evshhips.pixnet.net/blog/post/350780134,            有收集雨水之儲水設備，枯水期不穩定，有簡易太陽能照明。有坑洞式廁所。住宿山屋者，請自備過夜及睡眠裝備。,8,500
南投縣,仁愛鄉 ,清境62階櫻花露營區,https://evshhips.pixnet.net/blog/post/350985241,           有收集雨水之儲水設備，枯水期不穩定，有簡易太陽能照明。有坑洞式廁所。住宿山屋者，請自備過夜及睡眠裝備。,8,500
南投縣,仁愛鄉 , 松林溫泉農場露營區,https://evshhips.pixnet.net/blog/post/351081943,          有收集雨水之儲水設備，枯水期不穩定，有簡易太陽能照明。有坑洞式廁所。住宿山屋者，請自備過夜及睡眠裝備。,8,500
南投縣,國姓鄉 , 雲享清峰親子露營區,https://evshhips.pixnet.net/blog/post/351130210,          有收集雨水之儲水設備，枯水期不穩定，有簡易太陽能照明。有坑洞式廁所。住宿山屋者，請自備過夜及睡眠裝備。,8,500
南投縣,仁愛鄉 ,花鳥蟲鳴微居輕旅(蟲蟲帳),https://evshhips.pixnet.net/blog/post/351208387,     有收集雨水之儲水設備，枯水期不穩定，有簡易太陽能照明。有坑洞式廁所。住宿山屋者，請自備過夜及睡眠裝備。,8,500
臺中市,后里區 , 水映親子露營區(2),https://evshhips.pixnet.net/blog/post/351212929,           有收集雨水之儲水設備，枯水期不穩定，有簡易太陽能照明。有坑洞式廁所。住宿山屋者，請自備過夜及睡眠裝備。,8,500
南投縣,國姓鄉 ,東原秘境親子露營區,https://evshhips.pixnet.net/blog/post/351304873,           有收集雨水之儲水設備，枯水期不穩定，有簡易太陽能照明。有坑洞式廁所。住宿山屋者，請自備過夜及睡眠裝備。,8,500
南投縣,仁愛鄉 , 火焰石景觀露營區,https://evshhips.pixnet.net/blog/post/351130066,            有收集雨水之儲水設備，枯水期不穩定，有簡易太陽能照明。有坑洞式廁所。住宿山屋者，請自備過夜及睡眠裝備。,8,500
南投縣,竹山鎮 ,珈溪園綠莊露營區,https://evshhips.pixnet.net/blog/post/351170341,             有收集雨水之儲水設備，枯水期不穩定，有簡易太陽能照明。有坑洞式廁所。住宿山屋者，請自備過夜及睡眠裝備。,8,500
南投縣,仁愛鄉 ,松露露營小木屋,https://evshhips.pixnet.net/blog/post/351627259,               有收集雨水之儲水設備，枯水期不穩定，有簡易太陽能照明。有坑洞式廁所。住宿山屋者，請自備過夜及睡眠裝備。,8,500
南投縣,魚池鄉 ,印地安庭園露營區,https://evshhips.pixnet.net/blog/post/351832480,             有收集雨水之儲水設備，枯水期不穩定，有簡易太陽能照明。有坑洞式廁所。住宿山屋者，請自備過夜及睡眠裝備。,8,500
南投縣,魚池鄉 , 樂沐山林親子露營區,https://evshhips.pixnet.net/blog/post/351798118,          有收集雨水之儲水設備，枯水期不穩定，有簡易太陽能照明。有坑洞式廁所。住宿山屋者，請自備過夜及睡眠裝備。,8,500
南投縣,國姓鄉 , 九號森霖親子露營區,https://evshhips.pixnet.net/blog/post/350125114,          有收集雨水之儲水設備，枯水期不穩定，有簡易太陽能照明。有坑洞式廁所。住宿山屋者，請自備過夜及睡眠裝備。,8,500
南投縣,魚池鄉 ,頭社水庫露營區(2),https://evshhips.pixnet.net/blog/post/351474589,            有收集雨水之儲水設備，枯水期不穩定，有簡易太陽能照明。有坑洞式廁所。住宿山屋者，請自備過夜及睡眠裝備。,8,500
南投縣,草屯鎮 ,三乘山親子露營樂園(2),https://evshhips.pixnet.net/blog/post/352129282,        有收集雨水之儲水設備，枯水期不穩定，有簡易太陽能照明。有坑洞式廁所。住宿山屋者，請自備過夜及睡眠裝備。,8,500
南投縣,竹山鎮 ,天山水茗茶/露營,https://evshhips.pixnet.net/blog/post/352352269,              有收集雨水之儲水設備，枯水期不穩定，有簡易太陽能照明。有坑洞式廁所。住宿山屋者，請自備過夜及睡眠裝備。,8,500
南投縣,仁愛鄉 , 迷露1850景觀露營區,https://evshhips.pixnet.net/blog/post/352436500,          有收集雨水之儲水設備，枯水期不穩定，有簡易太陽能照明。有坑洞式廁所。住宿山屋者，請自備過夜及睡眠裝備。,8,500
南投縣,國姓鄉 ,山水園親子露營區(2),https://evshhips.pixnet.net/blog/post/352484128,          有收集雨水之儲水設備，枯水期不穩定，有簡易太陽能照明。有坑洞式廁所。住宿山屋者，請自備過夜及睡眠裝備。,8,500
南投縣,鹿谷鄉 ,W.H窩親子露營區,https://evshhips.pixnet.net/blog/post/352478386,              有收集雨水之儲水設備，枯水期不穩定，有簡易太陽能照明。有坑洞式廁所。住宿山屋者，請自備過夜及睡眠裝備。,8,500
南投縣,魚池鄉 , 溪泮小屋親子露營區 ,https://evshhips.pixnet.net/blog/post/352605631,         有收集雨水之儲水設備，枯水期不穩定，有簡易太陽能照明。有坑洞式廁所。住宿山屋者，請自備過夜及睡眠裝備。,8,500
南投縣,國姓鄉 ,山嵐謐靜親子露營區,https://evshhips.pixnet.net/blog/post/352491934,           有收集雨水之儲水設備，枯水期不穩定，有簡易太陽能照明。有坑洞式廁所。住宿山屋者，請自備過夜及睡眠裝備。,8,500
南投縣,竹山鎮 ,回˙歸自然二八露營場(親子),https://evshhips.pixnet.net/blog/post/352631416,    有收集雨水之儲水設備，枯水期不穩定，有簡易太陽能照明。有坑洞式廁所。住宿山屋者，請自備過夜及睡眠裝備。,8,500
南投縣,魚池鄉 ,天香台閣親子露營區,https://evshhips.pixnet.net/blog/post/352398256,           有收集雨水之儲水設備，枯水期不穩定，有簡易太陽能照明。有坑洞式廁所。住宿山屋者，請自備過夜及睡眠裝備。,8,350
彰化縣,芬園鄉 ,一星伴親子露營(奢華露營),https://evshhips.pixnet.net/blog/post/352810181,     有收集雨水之儲水設備，枯水期不穩定，有簡易太陽能照明。有坑洞式廁所。住宿山屋者，請自備過夜及睡眠裝備。,3,350
南投縣,仁愛鄉 ,飛瀑親水露營區,https://evshhips.pixnet.net/blog/post/352826789,               有收集雨水之儲水設備，枯水期不穩定，有簡易太陽能照明。有坑洞式廁所。住宿山屋者，請自備過夜及睡眠裝備。,3,350
嘉義縣,阿里山鄉,蘭后露營區,http://evshhips.pixnet.net/blog/post/298828220,                   有收集雨水之儲水設備，枯水期不穩定，有簡易太陽能照明。有坑洞式廁所。住宿山屋者，請自備過夜及睡眠裝備。,3,350
嘉義縣,梅山鄉,振峯制茶所露營區,http://evshhips.pixnet.net/blog/post/278373004,               有收集雨水之儲水設備，枯水期不穩定，有簡易太陽能照明。有坑洞式廁所。住宿山屋者，請自備過夜及睡眠裝備。,3,350
嘉義縣,梅山鄉,日麗風合露營區,http://evshhips.pixnet.net/blog/post/278189227,                 有收集雨水之儲水設備，枯水期不穩定，有簡易太陽能照明。有坑洞式廁所。住宿山屋者，請自備過夜及睡眠裝備。,3,350
嘉義縣,曾文,東口野營遊憩區,http://evshhips.pixnet.net/blog/post/254291866,                   有收集雨水之儲水設備，枯水期不穩定，有簡易太陽能照明。有坑洞式廁所。住宿山屋者，請自備過夜及睡眠裝備。,3,350
屏東縣,東港鎮,大鵬灣青洲濱海遊憩區,http://evshhips.pixnet.net/blog/post/317745897,           有收集雨水之儲水設備，枯水期不穩定，有簡易太陽能照明。有坑洞式廁所。住宿山屋者，請自備過夜及睡眠裝備。,3,350
雲林縣,口湖鄉,海口故事園區(免費),http://evshhips.pixnet.net/blog/post/256132090,             有收集雨水之儲水設備，枯水期不穩定，有簡易太陽能照明。有坑洞式廁所。住宿山屋者，請自備過夜及睡眠裝備。,3,350
雲林縣,林內鄉,林內鄉農庄露營區,http://evshhips.pixnet.net/blog/post/318451251,               有收集雨水之儲水設備，枯水期不穩定，有簡易太陽能照明。有坑洞式廁所。住宿山屋者，請自備過夜及睡眠裝備。,3,350
雲林縣,林內鄉,盁樟竹屋露營區,http://evshhips.pixnet.net/blog/post/235683085,                 有收集雨水之儲水設備，枯水期不穩定，有簡易太陽能照明。有坑洞式廁所。住宿山屋者，請自備過夜及睡眠裝備。,3,350
屏東縣,恆春鎮,快樂白沙露營區,http://evshhips.pixnet.net/blog/post/276952006,                 有收集雨水之儲水設備，枯水期不穩定，有簡易太陽能照明。有坑洞式廁所。住宿山屋者，請自備過夜及睡眠裝備。,3,350
屏東縣,恆春鎮,白砂露營區(1),http://evshhips.pixnet.net/blog/post/275009002 ,                 有收集雨水之儲水設備，枯水期不穩定，有簡易太陽能照明。有坑洞式廁所。住宿山屋者，請自備過夜及睡眠裝備。,3,350
屏東縣,墾丁,白砂露營區(2),http://evshhips.pixnet.net/blog/post/318761166,                    有收集雨水之儲水設備，枯水期不穩定，有簡易太陽能照明。有坑洞式廁所。住宿山屋者，請自備過夜及睡眠裝備。,3,350
屏東縣,山地門,青葉國小露營,http://evshhips.pixnet.net/blog/post/319816089,                   有收集雨水之儲水設備，枯水期不穩定，有簡易太陽能照明。有坑洞式廁所。住宿山屋者，請自備過夜及睡眠裝備。,3,350
臺南市,安南區,四草舟屋露營區,http://evshhips.pixnet.net/blog/post/322234299,                 有收集雨水之儲水設備，枯水期不穩定，有簡易太陽能照明。有坑洞式廁所。住宿山屋者，請自備過夜及睡眠裝備。,3,350
嘉義縣,番路鄉,半天岩10號營地,http://evshhips.pixnet.net/blog/post/322643583,                 有收集雨水之儲水設備，枯水期不穩定，有簡易太陽能照明。有坑洞式廁所。住宿山屋者，請自備過夜及睡眠裝備。,3,350
嘉義縣,梅山鄉,日麗風合露營區2,http://evshhips.pixnet.net/blog/post/323541519,                有收集雨水之儲水設備，枯水期不穩定，有簡易太陽能照明。有坑洞式廁所。住宿山屋者，請自備過夜及睡眠裝備。,3,350
臺南市,北門區,北門區 Vanaheim 愛莊園,http://evshhips.pixnet.net/blog/post/315107310,         有收集雨水之儲水設備，枯水期不穩定，有簡易太陽能照明。有坑洞式廁所。住宿山屋者，請自備過夜及睡眠裝備。,3,350
嘉義縣,大埔鄉, 河濱公園露營區(免費),http://evshhips.pixnet.net/blog/post/333416952,          有收集雨水之儲水設備，枯水期不穩定，有簡易太陽能照明。有坑洞式廁所。住宿山屋者，請自備過夜及睡眠裝備。,3,350
屏東縣,枋山鄉,傻瓜天堂海景露營區,http://evshhips.pixnet.net/blog/post/338366870,             有收集雨水之儲水設備，枯水期不穩定，有簡易太陽能照明。有坑洞式廁所。住宿山屋者，請自備過夜及睡眠裝備。,3,350
屏東縣,墾丁,巨石露營區,http://evshhips.pixnet.net/blog/post/338560772,                       有收集雨水之儲水設備，枯水期不穩定，有簡易太陽能照明。有坑洞式廁所。住宿山屋者，請自備過夜及睡眠裝備。,3,350
屏東縣,滿洲,野居露營區,http://evshhips.pixnet.net/blog/post/338635715,                       有收集雨水之儲水設備，枯水期不穩定，有簡易太陽能照明。有坑洞式廁所。住宿山屋者，請自備過夜及睡眠裝備。,3,350
嘉義縣,番路鄉,梅王親子露營區,http://evshhips.pixnet.net/blog/post/341294046,                 有收集雨水之儲水設備，枯水期不穩定，有簡易太陽能照明。有坑洞式廁所。住宿山屋者，請自備過夜及睡眠裝備。,10,350
嘉義縣,阿里山鄉, 小森林景觀露營地,http://evshhips.pixnet.net/blog/post/342517192,            有收集雨水之儲水設備，枯水期不穩定，有簡易太陽能照明。有坑洞式廁所。住宿山屋者，請自備過夜及睡眠裝備。,10,350
屏東縣,枋山鄉,海豚茉莉灣海景露營地,http://evshhips.pixnet.net/blog/post/343136401,           有收集雨水之儲水設備，枯水期不穩定，有簡易太陽能照明。有坑洞式廁所。住宿山屋者，請自備過夜及睡眠裝備。,10,350
雲林縣,林內鄉, 逸境親子生態露營地,http://evshhips.pixnet.net/blog/post/344421763,            有收集雨水之儲水設備，枯水期不穩定，有簡易太陽能照明。有坑洞式廁所。住宿山屋者，請自備過夜及睡眠裝備。,10,350
高雄市,六龜區 ,悠然溫泉山莊,http://evshhips.pixnet.net/blog/post/344788084,                  有收集雨水之儲水設備，枯水期不穩定，有簡易太陽能照明。有坑洞式廁所。住宿山屋者，請自備過夜及睡眠裝備。,10,350
嘉義縣,瑞里 ,雲淡風輕景觀露營地,http://evshhips.pixnet.net/blog/post/345270220,              有收集雨水之儲水設備，枯水期不穩定，有簡易太陽能照明。有坑洞式廁所。住宿山屋者，請自備過夜及睡眠裝備。,10,350
屏東縣,琉球鄉, 小琉球鄉樂園露營區,http://evshhips.pixnet.net/blog/post/346208893,            有收集雨水之儲水設備，枯水期不穩定，有簡易太陽能照明。有坑洞式廁所。住宿山屋者，請自備過夜及睡眠裝備。,10,350
屏東縣,墾丁 ,山海福興宮海景野營地,http://evshhips.pixnet.net/blog/post/347177090,            有收集雨水之儲水設備，枯水期不穩定，有簡易太陽能照明。有坑洞式廁所。住宿山屋者，請自備過夜及睡眠裝備。,10,350
雲林縣,口湖鄉 , 海口故事園區(免費露營1),http://evshhips.pixnet.net/blog/post/348519400,      有收集雨水之儲水設備，枯水期不穩定，有簡易太陽能照明。有坑洞式廁所。住宿山屋者，請自備過夜及睡眠裝備。,10,350
屏東縣,墾丁 , 潮間帶海景親子露營趣,https://evshhips.pixnet.net/blog/post/349622494,          有收集雨水之儲水設備，枯水期不穩定，有簡易太陽能照明。有坑洞式廁所。住宿山屋者，請自備過夜及睡眠裝備。,10,350
嘉義縣,梅山鄉 ,振峰碧湖山茶園營地,https://evshhips.pixnet.net/blog/post/349823860,           有收集雨水之儲水設備，枯水期不穩定，有簡易太陽能照明。有坑洞式廁所。住宿山屋者，請自備過夜及睡眠裝備。,10,350
雲林縣,口湖鄉 ,椬梧湖景露營區(免費),https://evshhips.pixnet.net/blog/post/349823758,         有收集雨水之儲水設備，枯水期不穩定，有簡易太陽能照明。有坑洞式廁所。住宿山屋者，請自備過夜及睡眠裝備。,10,350
雲林縣,口湖鄉 ,海口故事園區(免費露營2),https://evshhips.pixnet.net/blog/post/350695699,      有收集雨水之儲水設備，枯水期不穩定，有簡易太陽能照明。有坑洞式廁所。住宿山屋者，請自備過夜及睡眠裝備。,10,350
嘉義縣,竹崎鄉 ,秋之林自然生態露營區,https://evshhips.pixnet.net/blog/post/350573674,         有收集雨水之儲水設備，枯水期不穩定，有簡易太陽能照明。有坑洞式廁所。住宿山屋者，請自備過夜及睡眠裝備。,10,350
嘉義縣,阿里山鄉 , 羅老爸的家景觀露營區,https://evshhips.pixnet.net/blog/post/350905138,      有收集雨水之儲水設備，枯水期不穩定，有簡易太陽能照明。有坑洞式廁所。住宿山屋者，請自備過夜及睡眠裝備。,10,350
雲林縣,斗六市 , 紅螞蟻生態世界,https://evshhips.pixnet.net/blog/post/350955427,              有收集雨水之儲水設備，枯水期不穩定，有簡易太陽能照明。有坑洞式廁所。住宿山屋者，請自備過夜及睡眠裝備。,10,350
屏東縣,里港鄉 ,河堤秘境親子,https://evshhips.pixnet.net/blog/post/351201316,                 有收集雨水之儲水設備，枯水期不穩定，有簡易太陽能照明。有坑洞式廁所。住宿山屋者，請自備過夜及睡眠裝備。,10,350
嘉義縣,梅山鄉 ,琥珀社咖啡莊園(2),https://evshhips.pixnet.net/blog/post/351466876,            有收集雨水之儲水設備，枯水期不穩定，有簡易太陽能照明。有坑洞式廁所。住宿山屋者，請自備過夜及睡眠裝備。,10,350
嘉義縣,梅山鄉 ,琥珀社咖啡莊園(1),https://evshhips.pixnet.net/blog/post/348037420,            有收集雨水之儲水設備，枯水期不穩定，有簡易太陽能照明。有坑洞式廁所。住宿山屋者，請自備過夜及睡眠裝備。,10,350
嘉義縣,瑞里 ,雲淡風輕親子露營區,https://evshhips.pixnet.net/blog/post/351554353,             有收集雨水之儲水設備，枯水期不穩定，有簡易太陽能照明。有坑洞式廁所。住宿山屋者，請自備過夜及睡眠裝備。,10,350
屏東縣,墾丁 ,白砂海景露營區(3),https://evshhips.pixnet.net/blog/post/351593086,              有收集雨水之儲水設備，枯水期不穩定，有簡易太陽能照明。有坑洞式廁所。住宿山屋者，請自備過夜及睡眠裝備。,10,350
臺南市,安南區 , 白毛獵人露營農場,https://evshhips.pixnet.net/blog/post/351599794,            有收集雨水之儲水設備，枯水期不穩定，有簡易太陽能照明。有坑洞式廁所。住宿山屋者，請自備過夜及睡眠裝備。,10,350
嘉義縣,梅山鄉 ,慢漫山林親子露營區,https://evshhips.pixnet.net/blog/post/351764296,           有收集雨水之儲水設備，枯水期不穩定，有簡易太陽能照明。有坑洞式廁所。住宿山屋者，請自備過夜及睡眠裝備。,10,350
屏東縣,恆春鎮 ,大圓山海景露營區,https://evshhips.pixnet.net/blog/post/351554206,             有收集雨水之儲水設備，枯水期不穩定，有簡易太陽能照明。有坑洞式廁所。住宿山屋者，請自備過夜及睡眠裝備。,10,500
嘉義縣,梅山鄉 ,日麗風合露營區3,https://evshhips.pixnet.net/blog/post/352045735,              有收集雨水之儲水設備，枯水期不穩定，有簡易太陽能照明。有坑洞式廁所。住宿山屋者，請自備過夜及睡眠裝備。,10,500
花蓮縣,秀林鄉,西寶國小,http://evshhips.pixnet.net/blog/post/266795731,                       有收集雨水之儲水設備，枯水期不穩定，有簡易太陽能照明。有坑洞式廁所。住宿山屋者，請自備過夜及睡眠裝備。,10,500
花蓮縣,壽豐鄉,水璉國小,http://evshhips.pixnet.net/blog/post/265529737,                       有收集雨水之儲水設備，枯水期不穩定，有簡易太陽能照明。有坑洞式廁所。住宿山屋者，請自備過夜及睡眠裝備。,10,500
花蓮縣,壽豐鄉,牛山呼庭休閒園區露營區,http://evshhips.pixnet.net/blog/post/266952826,         有收集雨水之儲水設備，枯水期不穩定，有簡易太陽能照明。有坑洞式廁所。住宿山屋者，請自備過夜及睡眠裝備。,10,500
臺東縣,成功鎮,奇拉巴扇部落屋露營區,http://evshhips.pixnet.net/blog/post/265344826,           有收集雨水之儲水設備，枯水期不穩定，有簡易太陽能照明。有坑洞式廁所。住宿山屋者，請自備過夜及睡眠裝備。,10,500
臺東縣,成功鎮,都歷派出所,http://evshhips.pixnet.net/blog/post/265265968,                     有收集雨水之儲水設備，枯水期不穩定，有簡易太陽能照明。有坑洞式廁所。住宿山屋者，請自備過夜及睡眠裝備。,10,500
臺東縣,卑南鄉,虂櫿嶇營地,http://evshhips.pixnet.net/blog/post/318864012,                     有收集雨水之儲水設備，枯水期不穩定，有簡易太陽能照明。有坑洞式廁所。住宿山屋者，請自備過夜及睡眠裝備。,10,500
臺東縣,達仁鄉 ,南田海濱親水公園露營區,https://evshhips.pixnet.net/blog/post/347708189,       有收集雨水之儲水設備，枯水期不穩定，有簡易太陽能照明。有坑洞式廁所。住宿山屋者，請自備過夜及睡眠裝備。,3,500
花蓮縣,秀林鄉 , 崇德瑩農場露營區,https://evshhips.pixnet.net/blog/post/351377935,            有收集雨水之儲水設備，枯水期不穩定，有簡易太陽能照明。有坑洞式廁所。住宿山屋者，請自備過夜及睡眠裝備。,3,500
